Workbook

Sheet Read Me
A1: OrthoOS side-income tracker
A3: Prepared 20 Aug 2026 from the OrthoOS v2 brief (repo: drkhannaaios/orthoos-v2). Decisions applied: biostatistics consulting stream DROPPED; Practo-style teleconsult platforms ADDED to the second-opinion funnel.
A5: How to use
A6: 1. AI Platforms sheet: apply to every row in week 1; update Status weekly (Mon scan / Wed apply / Fri log).
A7: 2. Direct Outreach sheet: 10 named targets + categories to reach 20. Gmail DRAFTS are prepared for the rows marked 'Draft ready' - VERIFY the recipient address before sending; addresses are best guesses.
A8: 3. Teleconsult sheet: Practo-style listings for the paid second-opinion service.
A9: 4. Weekly Metrics sheet: the 8 numbers, filled every Friday.
A11: Colour legend
A12: Blue text = cells you fill/edit. Black = fixed or formula. Yellow fill = key assumption.
A14: Kill rule: after 60 days, drop any row whose effective rate is below Rs 4,000/hour of your time.
A16: FX assumption (edit to live rate):
A17: INR per USD | B17: 87

Sheet AI Platforms
A1: Platform | B1: Track / role | C1: URL | D1: India-eligible | E1: Advertised rate (USD/h) | F1: Low Rs/h | G1: High Rs/h | H1: Priority | I1: Status | J1: Date applied | K1: Assessment status | L1: Hours logged (mo) | M1: Rs earned (mo) | N1: Effective Rs/h | O1: Next step | P1: Notes
A2: Mercor | B2: Healthcare Expert - INTERNATIONAL Physicians track | C2: work.mercor.com (search: Healthcare Expert - International Physicians) | D2: YES (verified): MBBS accepted; dedicated international-physician posting; pays India via Stripe | E2: 50-180 healthcare band; $130-400 rates are US/Canada-practising tracks | F2: ='Read Me'!$B$17*50 | G2: ='Read Me'!$B$17*180 | H2: 1 | I2: Not applied | K2: 3-stage: profile, written sample, 15-min AI video interview (3 attempts); active licence + 5y experience | N2: =IF(L2>0,M2/L2,"") | O2: Apply Day 1 | P2: VERIFIED: specialist roles (cardiology etc. $180-400) require US/Canada practice. Apply to the International Physicians track and confirm ITS rate before committing hours
A3: Invisible Tech (Meridial) | B3: Domain expert - healthcare | C3: meridial.ai/projects | D3: YES (verified): India in eligible regions (US/CA/UK/EU/MX/BR/IN/JP/KR/SG) | E3: 35-125 domain experts | F3: ='Read Me'!$B$17*35 | G3: ='Read Me'!$B$17*125 | H3: 2 | I3: Not applied | K3: Apply at meridial.ai; invitations reviewed ~48h | N3: =IF(L3>0,M3/L3,"") | O3: Apply Day 1 | P3: One of only two platforms with India EXPLICITLY listed
A4: Alignerr (Labelbox) | B4: Medical expert | C4: alignerr.com | D4: YES (verified): India in published 14-country eligibility set | E4: 30-100 (varies by project) | F4: ='Read Me'!$B$17*30 | G4: ='Read Me'!$B$17*100 | H4: 2 | I4: Not applied | N4: =IF(L4>0,M4/L4,"") | O4: Apply Day 1 | P4: India explicitly eligible as a PLATFORM, but individual physician listings are often client-restricted to US-practising/board-certified MDs. Create the profile, then apply ONLY to listings whose requirement reads MD/MBBS-or-equivalent or global; skip any saying US-licensed/board-certified
A5: OpenTrain (aggregator) | B5: Profile + job alerts | C5: opentrain.ai | D5: Aggregator - eligibility is per posting | E5: 25-100 clinical postings | F5: ='Read Me'!$B$17*25 | G5: ='Read Me'!$B$17*100 | H5: 2 | I5: Not applied | N5: =IF(L5>0,M5/L5,"") | O5: Create profile Day 1 | P5: Weekly Monday scan; filter India-eligible postings
A6: Outlier (Scale AI) | B6: Medical/generalist (radiology track likely US-focused) | C6: outlier.ai | D6: PARTIAL (verified): India live (~50 countries) BUT task volume prioritised US/UK/DE; VPN = instant ban | E6: 15-50 generalist; specialty higher where offered | F6: ='Read Me'!$B$17*15 | G6: ='Read Me'!$B$17*50 | H6: 3 | I6: Not applied | K6: ID + location verification at onboarding | N6: =IF(L6>0,M6/L6,"") | O6: Apply Day 2 | P6: Expect thin task flow from India; keep only if effective rate clears Rs 4k/h
A7: Micro1 | B7: Medical expert / evaluator | C7: micro1.ai/experts | D7: LIKELY: healthcare domain listed, medical-expert postings live; country set not published | E7: 20-65 evaluator | F7: ='Read Me'!$B$17*20 | G7: ='Read Me'!$B$17*65 | H7: 3 | I7: Not applied | N7: =IF(L7>0,M7/L7,"") | O7: Apply Day 2 | P7: Physician feedback reports wide/lower variance
A8: Toloka / Mindrift | B8: Medicine domain | C8: mindrift.ai | D8: YES (verified): join from any country | E8: 20-60 | F8: ='Read Me'!$B$17*20 | G8: ='Read Me'!$B$17*60 | H8: 4 | I8: Not applied | N8: =IF(L8>0,M8/L8,"") | O8: Apply Day 2 | P8: Lower rates - volume filler only if above Rs 4k/h
A9: Turing | B9: Medical SME | C9: turing.com | D9: UNVERIFIED for medical roles - check current postings | E9: varies by project | F9: ='Read Me'!$B$17*30 | G9: ='Read Me'!$B$17*100 | H9: 4 | I9: Not applied | N9: =IF(L9>0,M9/L9,"") | O9: Apply Day 3 | P9: No India-specific medical evidence found in research
A10: Pareto AI | B10: AI trainer | C10: pareto.ai | D10: UNVERIFIED - rates and countries not published | E10: 35-60 reported | F10: ='Read Me'!$B$17*35 | G10: ='Read Me'!$B$17*60 | H10: 5 | I10: Not applied | N10: =IF(L10>0,M10/L10,"") | O10: Apply Day 3 if time
A11: Sepal AI | B11: Medical expert | C11: sepal.ai | D11: UNVERIFIED - nothing found in research | E11: unknown | F11: ='Read Me'!$B$17*25 | G11: ='Read Me'!$B$17*80 | H11: 5 | I11: Not applied | N11: =IF(L11>0,M11/L11,"") | O11: Skip unless posting found
A12: Centific | B12: Healthcare data | C12: centific.com | D12: UNVERIFIED | E12: unknown | F12: ='Read Me'!$B$17*20 | G12: ='Read Me'!$B$17*60 | H12: 5 | I12: Not applied | N12: =IF(L12>0,M12/L12,"") | O12: Skip unless posting found
A13: DataAnnotation | B13: Medicine track | C13: dataannotation.tech | D13: NO (verified): US/CA/UK/IE/AU/NZ only | E13: 40-50+ medical (not accessible from India) | F13: ='Read Me'!$B$17*0 | G13: ='Read Me'!$B$17*0 | H13: 9 | I13: NOT ELIGIBLE | N13: =IF(L13>0,M13/L13,"") | O13: Skip | P13: Removed from plan - India not in eligibility set
A14: Handshake AI | B14: AI tutor / fellowship | C14: joinhandshake.com/ai | D14: NO (verified): US-based with US work authorisation only | E14: up to 125 (not accessible from India) | F14: ='Read Me'!$B$17*0 | G14: ='Read Me'!$B$17*0 | H14: 9 | I14: NOT ELIGIBLE | N14: =IF(L14>0,M14/L14,"") | O14: Skip | P14: Removed from plan - US-only program
A16: Example of a filled row: Status='Assessment', Date applied=21-Aug-2026, Hours logged=6, Rs earned=36000 -> Effective Rs/h computes to 6,000.

Sheet Direct Outreach
A1: # | B1: Company / target | C1: HQ | D1: Focus | E1: Why them | F1: Contact channel | G1: Guessed email (VERIFY before sending) | H1: Gmail draft | I1: Status | J1: Date sent | K1: Reply? | L1: Next step | M1: Notes
A2: 1 | B2: Qure.ai | C2: Mumbai, India / NYC | D2: MSK fracture X-ray AI | E2: Indian roots; MSK product line; note: no ortho job openings - this is a VENDOR pitch, not an application | F2: Email + LinkedIn | G2: partner@qure.ai (VERIFIED - partnerships address; careers@qure.ai exists separately) | H2: SENT | I2: Sent 20-Aug-2026 | L2: Await reply; follow up in 7-10 days if none
A3: 2 | B3: DeepTek | C3: Pune, India | D3: Knee joint-space-narrowing AI | E3: Indian; knee product = direct ortho fit | F3: Email + LinkedIn + phone | G3: info@deeptek.ai (VERIFIED, official site) | ph +91 96070 82012 | H3: SENT | I3: Sent 20-Aug-2026 | L3: Await reply; follow up in 7-10 days if none
A4: 3 | B4: ImageBiopsy Lab | C4: Vienna, Austria | D4: Leading MSK imaging AI (incl. RBfracture) | E4: Category leader in MSK | F4: Email + LinkedIn | G4: info@imagebiopsy.com (VERIFIED, official contact page; support@ for existing customers) | H4: SENT | I4: Sent 20-Aug-2026 | L4: Await reply; follow up in 7-10 days if none
A5: 4 | B5: Gleamer | C5: Paris, France | D5: BoneView trauma X-ray AI (CE+FDA) | E5: Flagship fracture AI; publishes validation studies | F5: Email + LinkedIn | G5: contact@gleamer.ai (VERIFIED via healthcare-in-europe directory) | H5: SENT | I5: Sent 20-Aug-2026 | L5: Await reply; follow up in 7-10 days if none
A6: 5 | B6: Radiobotics | C6: Copenhagen, Denmark | D6: RBfracture MSK AI | E6: MSK-dedicated MedTech | F6: Email + LinkedIn | G6: info@radiobotics.com (VERIFIED via directory) | H6: SENT | I6: Sent 20-Aug-2026 | L6: Await reply; follow up in 7-10 days if none
A7: 6 | B7: AZmed | C7: Paris, France | D7: Rayvolve fracture AI | E7: Sensitivity-led claims need validation evidence | F7: Email + LinkedIn + web form | G7: anthony@azmed.co (directory-sourced named contact; no general address published - azmed.co/contact form is the official route) | H7: SENT | I7: Sent 20-Aug-2026 | L7: Watch for bounce -> if bounced, submit via azmed.co/contact form
A8: 7 | B8: Lunit | C8: Seoul, Korea | D8: Radiology AI (MSK lines) | E8: Large, research-active | F8: Email + LinkedIn | G8: partner@lunit.io (VERIFIED, official contact page; also contact@lunit.io) | H8: SENT | I8: Sent 20-Aug-2026 | L8: Await reply; follow up in 7-10 days if none
A9: 8 | B9: Aidoc | C9: Tel Aviv / NYC | D9: Radiology AI triage | E9: Broad portfolio incl. trauma | F9: Email + LinkedIn | G9: info@aidoc.com (VERIFIED via directory) | H9: SENT | I9: Sent 20-Aug-2026 | L9: Await reply; follow up in 7-10 days if none
A10: 9 | B10: Annalise.ai (harrison.ai) | C10: Sydney, Australia | D10: Comprehensive CXR/CT AI | E10: Research-heavy; publishes reader studies | F10: WEB FORM (no public email; staff use @harrison.ai) | G10: NO EMAIL - use usa.annalise.ai/contact/general-enquiry; paste draft text | H10: Draft text ready (paste into form) | I10: Not sent | L10: Submit via form, wave 3
A11: 10 | B11: AI-lab health teams (OpenAI / Anthropic / Google) | C11: USA | D11: Physician advisor programs, rubric design | E11: HealthBench-style physician rubric programs | F11: Careers pages + platform postings | G11: N/A - apply via portal | H11: N/A | I11: Not started | L11: Watch physician-advisor postings weekly
A12: 11 | B12: Ortho question-bank / med-ed companies (fill 3-4 names) | D12: Ortho MCQ + teaching content | E12: Editor credential fits item-writing QA | F12: LinkedIn | H12: To draft after naming | I12: Not started | L12: Identify names in Monday scan
A13: 12 | B13: Ortho device firms needing clinical evidence (fill 3-4 names) | D13: Post-market studies, protocol review | E13: Surgeon + methodology fit | F13: LinkedIn | H13: To draft after naming | I13: Not started
A15: Target: 20 contacts total by end of Month 2; >=3 replies. Emails are DRAFTS in Gmail - verify each address, personalise line 3, attach portfolio link, then send.

Sheet Teleconsult Platforms
A1: Platform | B1: Model | C1: What to list | D1: Fee you set (Rs) | E1: Platform cut / listing cost | F1: Status | G1: Profile live date | H1: Consults/mo | I1: Rs earned (mo) | J1: Second-opinion conversions | K1: Notes
A2: Practo | B2: Consult listing + online consult | C2: Video consult + paid Q&A; route written second opinions to own MVP | D2: 500 | E2: Verify current commission & subscription in dashboard | F2: Decide fee | K2: You said you can work on this - fastest external channel; keep pricing consistent with own MVP
A3: Apollo 24|7 | B3: Online consult marketplace | C3: Video consult | D3: 500 | E3: Verify onboarding terms | F3: Not started
A4: Tata 1mg | B4: Online consult | C4: Video consult | D4: 500 | E4: Verify onboarding terms | F4: Not started
A5: Lybrate | B5: Consult + Q&A | C5: Paid Q&A builds visibility | D5: 300 | E5: Verify | F5: Not started
A6: Own MVP (orthoos-v2 C7) | B6: Direct: landing page + Razorpay + Calendar | C6: Structured written opinion + 15-min video | D6: 2000 | E6: Razorpay ~2% gateway fee | F6: Awaiting B3 build | K6: The funnel product; aggregators feed it
A8: Compliance: educational framing only; no superiority/outcome claims in any profile. Aggregator pricing kept at consult level; the Rs 2,000 structured written opinion stays on your own channel.

Sheet Weekly Metrics
A1: Week of | B1: GBP calls | C1: WhatsApp leads | D1: Consults booked | E1: Show rate % | F1: Surgeries booked | G1: Source of each surgery | H1: Opinions sold | I1: Opinion->visit conversions | J1: Platform hours | K1: Platform Rs earned | L1: Effective Rs/h
A2: 25-Aug-2026 (example) | B2: 4 | C2: 6 | D2: 3 | E2: 0.67 | F2: 1 | G2: existing patient | H2: 2 | I2: 0 | J2: 5 | K2: 30000 | L2: =IF(J2>0,K2/J2,"")
L3: =IF(J3>0,K3/J3,"")
L4: =IF(J4>0,K4/J4,"")
L5: =IF(J5>0,K5/J5,"")
L6: =IF(J6>0,K6/J6,"")
L7: =IF(J7>0,K7/J7,"")
L8: =IF(J8>0,K8/J8,"")
L9: =IF(J9>0,K9/J9,"")
L10: =IF(J10>0,K10/J10,"")
L11: =IF(J11>0,K11/J11,"")
L12: =IF(J12>0,K12/J12,"")
L13: =IF(J13>0,K13/J13,"")
L14: =IF(J14>0,K14/J14,"")
L15: =IF(J15>0,K15/J15,"")
A17: Row 2 is an example - overwrite it with real week-1 numbers. Fill every Friday.
